name,layer_type,batch_input_shape,batch_output_shape,connected_to,params,filters,kernel_size,activation,padding,strides,pool_size,units,dtype,trainable,depthwise_regularizer,use_bias,axis,scale,moving_mean_initializer,bias_regularizer,moving_variance_initializer,depthwise_constraint,gamma_constraint,bias_initializer,epsilon,beta_regularizer,activity_regularizer,momentum,gamma_initializer,kernel_initializer,kernel_constraint,max_value,depthwise_initializer,beta_initializer,beta_constraint,center,bias_constraint,depth_multiplier,data_format,dilation_rate,kernel_regularizer,sparse,gamma_regularizer
input_1,InputLayer,"(None, 224, 224, 3)","(None, 224, 224, 3)",,0,,,,,,,,float32,,,,,,,,,,,,,,,,,,,,,,,,,,,,,False,
Conv1,Conv2D,"(None, 224, 224, 3)","(None, 112, 112, 32)",input_1,864,32,"(3, 3)",linear,same,"(2, 2)",,,,True,,False,,,,,,,,"{'class_name': 'Zeros', 'config': {}}",,,,,,"{'class_name': 'VarianceScaling', 'config': {'distribution': 'uniform', 'scale': 1.0, 'seed': None, 'mode': 'fan_avg'}}",,,,,,,,,channels_last,"(1, 1)",,,
bn_Conv1,BatchNormalization,"(None, 112, 112, 32)","(None, 112, 112, 32)",Conv1,128,,,,,,,,,True,,,-1,True,"{'class_name': 'Zeros', 'config': {}}",,"{'class_name': 'Ones', 'config': {}}",,,,0.001,,,0.999,"{'class_name': 'Ones', 'config': {}}",,,,,"{'class_name': 'Zeros', 'config': {}}",,True,,,,,,,
Conv1_relu,ReLU,"(None, 112, 112, 32)","(None, 112, 112, 32)",bn_Conv1,0,,,,,,,,,True,,,,,,,,,,,,,,,,,,6.0,,,,,,,,,,,
expanded_conv_depthwise,DepthwiseConv2D,"(None, 112, 112, 32)","(None, 112, 112, 32)",Conv1_relu,288,,"(3, 3)",linear,same,"(1, 1)",,,,True,,False,,,,,,,,"{'class_name': 'Zeros', 'config': {}}",,,,,,,,,"{'class_name': 'VarianceScaling', 'config': {'distribution': 'uniform', 'scale': 1.0, 'seed': None, 'mode': 'fan_avg'}}",,,,,1,channels_last,"(1, 1)",,,
expanded_conv_depthwise_BN,BatchNormalization,"(None, 112, 112, 32)","(None, 112, 112, 32)",expanded_conv_depthwise,128,,,,,,,,,True,,,-1,True,"{'class_name': 'Zeros', 'config': {}}",,"{'class_name': 'Ones', 'config': {}}",,,,0.001,,,0.999,"{'class_name': 'Ones', 'config': {}}",,,,,"{'class_name': 'Zeros', 'config': {}}",,True,,,,,,,
expanded_conv_depthwise_relu,ReLU,"(None, 112, 112, 32)","(None, 112, 112, 32)",expanded_conv_depthwise_BN,0,,,,,,,,,True,,,,,,,,,,,,,,,,,,6.0,,,,,,,,,,,
expanded_conv_project,Conv2D,"(None, 112, 112, 32)","(None, 112, 112, 16)",expanded_conv_depthwise_relu,512,16,"(1, 1)",linear,same,"(1, 1)",,,,True,,False,,,,,,,,"{'class_name': 'Zeros', 'config': {}}",,,,,,"{'class_name': 'VarianceScaling', 'config': {'distribution': 'uniform', 'scale': 1.0, 'seed': None, 'mode': 'fan_avg'}}",,,,,,,,,channels_last,"(1, 1)",,,
expanded_conv_project_BN,BatchNormalization,"(None, 112, 112, 16)","(None, 112, 112, 16)",expanded_conv_project,64,,,,,,,,,True,,,-1,True,"{'class_name': 'Zeros', 'config': {}}",,"{'class_name': 'Ones', 'config': {}}",,,,0.001,,,0.999,"{'class_name': 'Ones', 'config': {}}",,,,,"{'class_name': 'Zeros', 'config': {}}",,True,,,,,,,
block_1_expand,Conv2D,"(None, 112, 112, 16)","(None, 112, 112, 96)",expanded_conv_project_BN,1536,96,"(1, 1)",linear,same,"(1, 1)",,,,True,,False,,,,,,,,"{'class_name': 'Zeros', 'config': {}}",,,,,,"{'class_name': 'VarianceScaling', 'config': {'distribution': 'uniform', 'scale': 1.0, 'seed': None, 'mode': 'fan_avg'}}",,,,,,,,,channels_last,"(1, 1)",,,
block_1_expand_BN,BatchNormalization,"(None, 112, 112, 96)","(None, 112, 112, 96)",block_1_expand,384,,,,,,,,,True,,,-1,True,"{'class_name': 'Zeros', 'config': {}}",,"{'class_name': 'Ones', 'config': {}}",,,,0.001,,,0.999,"{'class_name': 'Ones', 'config': {}}",,,,,"{'class_name': 'Zeros', 'config': {}}",,True,,,,,,,
block_1_expand_relu,ReLU,"(None, 112, 112, 96)","(None, 112, 112, 96)",block_1_expand_BN,0,,,,,,,,,True,,,,,,,,,,,,,,,,,,6.0,,,,,,,,,,,
block_1_depthwise,DepthwiseConv2D,"(None, 112, 112, 96)","(None, 56, 56, 96)",block_1_expand_relu,864,,"(3, 3)",linear,same,"(2, 2)",,,,True,,False,,,,,,,,"{'class_name': 'Zeros', 'config': {}}",,,,,,,,,"{'class_name': 'VarianceScaling', 'config': {'distribution': 'uniform', 'scale': 1.0, 'seed': None, 'mode': 'fan_avg'}}",,,,,1,channels_last,"(1, 1)",,,
block_1_depthwise_BN,BatchNormalization,"(None, 56, 56, 96)","(None, 56, 56, 96)",block_1_depthwise,384,,,,,,,,,True,,,-1,True,"{'class_name': 'Zeros', 'config': {}}",,"{'class_name': 'Ones', 'config': {}}",,,,0.001,,,0.999,"{'class_name': 'Ones', 'config': {}}",,,,,"{'class_name': 'Zeros', 'config': {}}",,True,,,,,,,
block_1_depthwise_relu,ReLU,"(None, 56, 56, 96)","(None, 56, 56, 96)",block_1_depthwise_BN,0,,,,,,,,,True,,,,,,,,,,,,,,,,,,6.0,,,,,,,,,,,
block_1_project,Conv2D,"(None, 56, 56, 96)","(None, 56, 56, 24)",block_1_depthwise_relu,2304,24,"(1, 1)",linear,same,"(1, 1)",,,,True,,False,,,,,,,,"{'class_name': 'Zeros', 'config': {}}",,,,,,"{'class_name': 'VarianceScaling', 'config': {'distribution': 'uniform', 'scale': 1.0, 'seed': None, 'mode': 'fan_avg'}}",,,,,,,,,channels_last,"(1, 1)",,,
block_1_project_BN,BatchNormalization,"(None, 56, 56, 24)","(None, 56, 56, 24)",block_1_project,96,,,,,,,,,True,,,-1,True,"{'class_name': 'Zeros', 'config': {}}",,"{'class_name': 'Ones', 'config': {}}",,,,0.001,,,0.999,"{'class_name': 'Ones', 'config': {}}",,,,,"{'class_name': 'Zeros', 'config': {}}",,True,,,,,,,
block_2_expand,Conv2D,"(None, 56, 56, 24)","(None, 56, 56, 144)",block_1_project_BN,3456,144,"(1, 1)",linear,same,"(1, 1)",,,,True,,False,,,,,,,,"{'class_name': 'Zeros', 'config': {}}",,,,,,"{'class_name': 'VarianceScaling', 'config': {'distribution': 'uniform', 'scale': 1.0, 'seed': None, 'mode': 'fan_avg'}}",,,,,,,,,channels_last,"(1, 1)",,,
block_2_expand_BN,BatchNormalization,"(None, 56, 56, 144)","(None, 56, 56, 144)",block_2_expand,576,,,,,,,,,True,,,-1,True,"{'class_name': 'Zeros', 'config': {}}",,"{'class_name': 'Ones', 'config': {}}",,,,0.001,,,0.999,"{'class_name': 'Ones', 'config': {}}",,,,,"{'class_name': 'Zeros', 'config': {}}",,True,,,,,,,
block_2_expand_relu,ReLU,"(None, 56, 56, 144)","(None, 56, 56, 144)",block_2_expand_BN,0,,,,,,,,,True,,,,,,,,,,,,,,,,,,6.0,,,,,,,,,,,
block_2_depthwise,DepthwiseConv2D,"(None, 56, 56, 144)","(None, 56, 56, 144)",block_2_expand_relu,1296,,"(3, 3)",linear,same,"(1, 1)",,,,True,,False,,,,,,,,"{'class_name': 'Zeros', 'config': {}}",,,,,,,,,"{'class_name': 'VarianceScaling', 'config': {'distribution': 'uniform', 'scale': 1.0, 'seed': None, 'mode': 'fan_avg'}}",,,,,1,channels_last,"(1, 1)",,,
block_2_depthwise_BN,BatchNormalization,"(None, 56, 56, 144)","(None, 56, 56, 144)",block_2_depthwise,576,,,,,,,,,True,,,-1,True,"{'class_name': 'Zeros', 'config': {}}",,"{'class_name': 'Ones', 'config': {}}",,,,0.001,,,0.999,"{'class_name': 'Ones', 'config': {}}",,,,,"{'class_name': 'Zeros', 'config': {}}",,True,,,,,,,
block_2_depthwise_relu,ReLU,"(None, 56, 56, 144)","(None, 56, 56, 144)",block_2_depthwise_BN,0,,,,,,,,,True,,,,,,,,,,,,,,,,,,6.0,,,,,,,,,,,
block_2_project,Conv2D,"(None, 56, 56, 144)","(None, 56, 56, 24)",block_2_depthwise_relu,3456,24,"(1, 1)",linear,same,"(1, 1)",,,,True,,False,,,,,,,,"{'class_name': 'Zeros', 'config': {}}",,,,,,"{'class_name': 'VarianceScaling', 'config': {'distribution': 'uniform', 'scale': 1.0, 'seed': None, 'mode': 'fan_avg'}}",,,,,,,,,channels_last,"(1, 1)",,,
block_2_project_BN,BatchNormalization,"(None, 56, 56, 24)","(None, 56, 56, 24)",block_2_project,96,,,,,,,,,True,,,-1,True,"{'class_name': 'Zeros', 'config': {}}",,"{'class_name': 'Ones', 'config': {}}",,,,0.001,,,0.999,"{'class_name': 'Ones', 'config': {}}",,,,,"{'class_name': 'Zeros', 'config': {}}",,True,,,,,,,
block_2_add,Add,"[(None, 56, 56, 24), (None, 56, 56, 24)]","(None, 56, 56, 24)",block_1_project_BN/block_2_project_BN,0,,,,,,,,,True,,,,,,,,,,,,,,,,,,,,,,,,,,,,,
block_3_expand,Conv2D,"(None, 56, 56, 24)","(None, 56, 56, 144)",block_2_add,3456,144,"(1, 1)",linear,same,"(1, 1)",,,,True,,False,,,,,,,,"{'class_name': 'Zeros', 'config': {}}",,,,,,"{'class_name': 'VarianceScaling', 'config': {'distribution': 'uniform', 'scale': 1.0, 'seed': None, 'mode': 'fan_avg'}}",,,,,,,,,channels_last,"(1, 1)",,,
block_3_expand_BN,BatchNormalization,"(None, 56, 56, 144)","(None, 56, 56, 144)",block_3_expand,576,,,,,,,,,True,,,-1,True,"{'class_name': 'Zeros', 'config': {}}",,"{'class_name': 'Ones', 'config': {}}",,,,0.001,,,0.999,"{'class_name': 'Ones', 'config': {}}",,,,,"{'class_name': 'Zeros', 'config': {}}",,True,,,,,,,
block_3_expand_relu,ReLU,"(None, 56, 56, 144)","(None, 56, 56, 144)",block_3_expand_BN,0,,,,,,,,,True,,,,,,,,,,,,,,,,,,6.0,,,,,,,,,,,
block_3_depthwise,DepthwiseConv2D,"(None, 56, 56, 144)","(None, 28, 28, 144)",block_3_expand_relu,1296,,"(3, 3)",linear,same,"(2, 2)",,,,True,,False,,,,,,,,"{'class_name': 'Zeros', 'config': {}}",,,,,,,,,"{'class_name': 'VarianceScaling', 'config': {'distribution': 'uniform', 'scale': 1.0, 'seed': None, 'mode': 'fan_avg'}}",,,,,1,channels_last,"(1, 1)",,,
block_3_depthwise_BN,BatchNormalization,"(None, 28, 28, 144)","(None, 28, 28, 144)",block_3_depthwise,576,,,,,,,,,True,,,-1,True,"{'class_name': 'Zeros', 'config': {}}",,"{'class_name': 'Ones', 'config': {}}",,,,0.001,,,0.999,"{'class_name': 'Ones', 'config': {}}",,,,,"{'class_name': 'Zeros', 'config': {}}",,True,,,,,,,
block_3_depthwise_relu,ReLU,"(None, 28, 28, 144)","(None, 28, 28, 144)",block_3_depthwise_BN,0,,,,,,,,,True,,,,,,,,,,,,,,,,,,6.0,,,,,,,,,,,
block_3_project,Conv2D,"(None, 28, 28, 144)","(None, 28, 28, 32)",block_3_depthwise_relu,4608,32,"(1, 1)",linear,same,"(1, 1)",,,,True,,False,,,,,,,,"{'class_name': 'Zeros', 'config': {}}",,,,,,"{'class_name': 'VarianceScaling', 'config': {'distribution': 'uniform', 'scale': 1.0, 'seed': None, 'mode': 'fan_avg'}}",,,,,,,,,channels_last,"(1, 1)",,,
block_3_project_BN,BatchNormalization,"(None, 28, 28, 32)","(None, 28, 28, 32)",block_3_project,128,,,,,,,,,True,,,-1,True,"{'class_name': 'Zeros', 'config': {}}",,"{'class_name': 'Ones', 'config': {}}",,,,0.001,,,0.999,"{'class_name': 'Ones', 'config': {}}",,,,,"{'class_name': 'Zeros', 'config': {}}",,True,,,,,,,
block_4_expand,Conv2D,"(None, 28, 28, 32)","(None, 28, 28, 192)",block_3_project_BN,6144,192,"(1, 1)",linear,same,"(1, 1)",,,,True,,False,,,,,,,,"{'class_name': 'Zeros', 'config': {}}",,,,,,"{'class_name': 'VarianceScaling', 'config': {'distribution': 'uniform', 'scale': 1.0, 'seed': None, 'mode': 'fan_avg'}}",,,,,,,,,channels_last,"(1, 1)",,,
block_4_expand_BN,BatchNormalization,"(None, 28, 28, 192)","(None, 28, 28, 192)",block_4_expand,768,,,,,,,,,True,,,-1,True,"{'class_name': 'Zeros', 'config': {}}",,"{'class_name': 'Ones', 'config': {}}",,,,0.001,,,0.999,"{'class_name': 'Ones', 'config': {}}",,,,,"{'class_name': 'Zeros', 'config': {}}",,True,,,,,,,
block_4_expand_relu,ReLU,"(None, 28, 28, 192)","(None, 28, 28, 192)",block_4_expand_BN,0,,,,,,,,,True,,,,,,,,,,,,,,,,,,6.0,,,,,,,,,,,
block_4_depthwise,DepthwiseConv2D,"(None, 28, 28, 192)","(None, 28, 28, 192)",block_4_expand_relu,1728,,"(3, 3)",linear,same,"(1, 1)",,,,True,,False,,,,,,,,"{'class_name': 'Zeros', 'config': {}}",,,,,,,,,"{'class_name': 'VarianceScaling', 'config': {'distribution': 'uniform', 'scale': 1.0, 'seed': None, 'mode': 'fan_avg'}}",,,,,1,channels_last,"(1, 1)",,,
block_4_depthwise_BN,BatchNormalization,"(None, 28, 28, 192)","(None, 28, 28, 192)",block_4_depthwise,768,,,,,,,,,True,,,-1,True,"{'class_name': 'Zeros', 'config': {}}",,"{'class_name': 'Ones', 'config': {}}",,,,0.001,,,0.999,"{'class_name': 'Ones', 'config': {}}",,,,,"{'class_name': 'Zeros', 'config': {}}",,True,,,,,,,
block_4_depthwise_relu,ReLU,"(None, 28, 28, 192)","(None, 28, 28, 192)",block_4_depthwise_BN,0,,,,,,,,,True,,,,,,,,,,,,,,,,,,6.0,,,,,,,,,,,
block_4_project,Conv2D,"(None, 28, 28, 192)","(None, 28, 28, 32)",block_4_depthwise_relu,6144,32,"(1, 1)",linear,same,"(1, 1)",,,,True,,False,,,,,,,,"{'class_name': 'Zeros', 'config': {}}",,,,,,"{'class_name': 'VarianceScaling', 'config': {'distribution': 'uniform', 'scale': 1.0, 'seed': None, 'mode': 'fan_avg'}}",,,,,,,,,channels_last,"(1, 1)",,,
block_4_project_BN,BatchNormalization,"(None, 28, 28, 32)","(None, 28, 28, 32)",block_4_project,128,,,,,,,,,True,,,-1,True,"{'class_name': 'Zeros', 'config': {}}",,"{'class_name': 'Ones', 'config': {}}",,,,0.001,,,0.999,"{'class_name': 'Ones', 'config': {}}",,,,,"{'class_name': 'Zeros', 'config': {}}",,True,,,,,,,
block_4_add,Add,"[(None, 28, 28, 32), (None, 28, 28, 32)]","(None, 28, 28, 32)",block_3_project_BN/block_4_project_BN,0,,,,,,,,,True,,,,,,,,,,,,,,,,,,,,,,,,,,,,,
block_5_expand,Conv2D,"(None, 28, 28, 32)","(None, 28, 28, 192)",block_4_add,6144,192,"(1, 1)",linear,same,"(1, 1)",,,,True,,False,,,,,,,,"{'class_name': 'Zeros', 'config': {}}",,,,,,"{'class_name': 'VarianceScaling', 'config': {'distribution': 'uniform', 'scale': 1.0, 'seed': None, 'mode': 'fan_avg'}}",,,,,,,,,channels_last,"(1, 1)",,,
block_5_expand_BN,BatchNormalization,"(None, 28, 28, 192)","(None, 28, 28, 192)",block_5_expand,768,,,,,,,,,True,,,-1,True,"{'class_name': 'Zeros', 'config': {}}",,"{'class_name': 'Ones', 'config': {}}",,,,0.001,,,0.999,"{'class_name': 'Ones', 'config': {}}",,,,,"{'class_name': 'Zeros', 'config': {}}",,True,,,,,,,
block_5_expand_relu,ReLU,"(None, 28, 28, 192)","(None, 28, 28, 192)",block_5_expand_BN,0,,,,,,,,,True,,,,,,,,,,,,,,,,,,6.0,,,,,,,,,,,
block_5_depthwise,DepthwiseConv2D,"(None, 28, 28, 192)","(None, 28, 28, 192)",block_5_expand_relu,1728,,"(3, 3)",linear,same,"(1, 1)",,,,True,,False,,,,,,,,"{'class_name': 'Zeros', 'config': {}}",,,,,,,,,"{'class_name': 'VarianceScaling', 'config': {'distribution': 'uniform', 'scale': 1.0, 'seed': None, 'mode': 'fan_avg'}}",,,,,1,channels_last,"(1, 1)",,,
block_5_depthwise_BN,BatchNormalization,"(None, 28, 28, 192)","(None, 28, 28, 192)",block_5_depthwise,768,,,,,,,,,True,,,-1,True,"{'class_name': 'Zeros', 'config': {}}",,"{'class_name': 'Ones', 'config': {}}",,,,0.001,,,0.999,"{'class_name': 'Ones', 'config': {}}",,,,,"{'class_name': 'Zeros', 'config': {}}",,True,,,,,,,
block_5_depthwise_relu,ReLU,"(None, 28, 28, 192)","(None, 28, 28, 192)",block_5_depthwise_BN,0,,,,,,,,,True,,,,,,,,,,,,,,,,,,6.0,,,,,,,,,,,
block_5_project,Conv2D,"(None, 28, 28, 192)","(None, 28, 28, 32)",block_5_depthwise_relu,6144,32,"(1, 1)",linear,same,"(1, 1)",,,,True,,False,,,,,,,,"{'class_name': 'Zeros', 'config': {}}",,,,,,"{'class_name': 'VarianceScaling', 'config': {'distribution': 'uniform', 'scale': 1.0, 'seed': None, 'mode': 'fan_avg'}}",,,,,,,,,channels_last,"(1, 1)",,,
block_5_project_BN,BatchNormalization,"(None, 28, 28, 32)","(None, 28, 28, 32)",block_5_project,128,,,,,,,,,True,,,-1,True,"{'class_name': 'Zeros', 'config': {}}",,"{'class_name': 'Ones', 'config': {}}",,,,0.001,,,0.999,"{'class_name': 'Ones', 'config': {}}",,,,,"{'class_name': 'Zeros', 'config': {}}",,True,,,,,,,
block_5_add,Add,"[(None, 28, 28, 32), (None, 28, 28, 32)]","(None, 28, 28, 32)",block_4_add/block_5_project_BN,0,,,,,,,,,True,,,,,,,,,,,,,,,,,,,,,,,,,,,,,
block_6_expand,Conv2D,"(None, 28, 28, 32)","(None, 28, 28, 192)",block_5_add,6144,192,"(1, 1)",linear,same,"(1, 1)",,,,True,,False,,,,,,,,"{'class_name': 'Zeros', 'config': {}}",,,,,,"{'class_name': 'VarianceScaling', 'config': {'distribution': 'uniform', 'scale': 1.0, 'seed': None, 'mode': 'fan_avg'}}",,,,,,,,,channels_last,"(1, 1)",,,
block_6_expand_BN,BatchNormalization,"(None, 28, 28, 192)","(None, 28, 28, 192)",block_6_expand,768,,,,,,,,,True,,,-1,True,"{'class_name': 'Zeros', 'config': {}}",,"{'class_name': 'Ones', 'config': {}}",,,,0.001,,,0.999,"{'class_name': 'Ones', 'config': {}}",,,,,"{'class_name': 'Zeros', 'config': {}}",,True,,,,,,,
block_6_expand_relu,ReLU,"(None, 28, 28, 192)","(None, 28, 28, 192)",block_6_expand_BN,0,,,,,,,,,True,,,,,,,,,,,,,,,,,,6.0,,,,,,,,,,,
block_6_depthwise,DepthwiseConv2D,"(None, 28, 28, 192)","(None, 14, 14, 192)",block_6_expand_relu,1728,,"(3, 3)",linear,same,"(2, 2)",,,,True,,False,,,,,,,,"{'class_name': 'Zeros', 'config': {}}",,,,,,,,,"{'class_name': 'VarianceScaling', 'config': {'distribution': 'uniform', 'scale': 1.0, 'seed': None, 'mode': 'fan_avg'}}",,,,,1,channels_last,"(1, 1)",,,
block_6_depthwise_BN,BatchNormalization,"(None, 14, 14, 192)","(None, 14, 14, 192)",block_6_depthwise,768,,,,,,,,,True,,,-1,True,"{'class_name': 'Zeros', 'config': {}}",,"{'class_name': 'Ones', 'config': {}}",,,,0.001,,,0.999,"{'class_name': 'Ones', 'config': {}}",,,,,"{'class_name': 'Zeros', 'config': {}}",,True,,,,,,,
block_6_depthwise_relu,ReLU,"(None, 14, 14, 192)","(None, 14, 14, 192)",block_6_depthwise_BN,0,,,,,,,,,True,,,,,,,,,,,,,,,,,,6.0,,,,,,,,,,,
block_6_project,Conv2D,"(None, 14, 14, 192)","(None, 14, 14, 64)",block_6_depthwise_relu,12288,64,"(1, 1)",linear,same,"(1, 1)",,,,True,,False,,,,,,,,"{'class_name': 'Zeros', 'config': {}}",,,,,,"{'class_name': 'VarianceScaling', 'config': {'distribution': 'uniform', 'scale': 1.0, 'seed': None, 'mode': 'fan_avg'}}",,,,,,,,,channels_last,"(1, 1)",,,
block_6_project_BN,BatchNormalization,"(None, 14, 14, 64)","(None, 14, 14, 64)",block_6_project,256,,,,,,,,,True,,,-1,True,"{'class_name': 'Zeros', 'config': {}}",,"{'class_name': 'Ones', 'config': {}}",,,,0.001,,,0.999,"{'class_name': 'Ones', 'config': {}}",,,,,"{'class_name': 'Zeros', 'config': {}}",,True,,,,,,,
block_7_expand,Conv2D,"(None, 14, 14, 64)","(None, 14, 14, 384)",block_6_project_BN,24576,384,"(1, 1)",linear,same,"(1, 1)",,,,True,,False,,,,,,,,"{'class_name': 'Zeros', 'config': {}}",,,,,,"{'class_name': 'VarianceScaling', 'config': {'distribution': 'uniform', 'scale': 1.0, 'seed': None, 'mode': 'fan_avg'}}",,,,,,,,,channels_last,"(1, 1)",,,
block_7_expand_BN,BatchNormalization,"(None, 14, 14, 384)","(None, 14, 14, 384)",block_7_expand,1536,,,,,,,,,True,,,-1,True,"{'class_name': 'Zeros', 'config': {}}",,"{'class_name': 'Ones', 'config': {}}",,,,0.001,,,0.999,"{'class_name': 'Ones', 'config': {}}",,,,,"{'class_name': 'Zeros', 'config': {}}",,True,,,,,,,
block_7_expand_relu,ReLU,"(None, 14, 14, 384)","(None, 14, 14, 384)",block_7_expand_BN,0,,,,,,,,,True,,,,,,,,,,,,,,,,,,6.0,,,,,,,,,,,
block_7_depthwise,DepthwiseConv2D,"(None, 14, 14, 384)","(None, 14, 14, 384)",block_7_expand_relu,3456,,"(3, 3)",linear,same,"(1, 1)",,,,True,,False,,,,,,,,"{'class_name': 'Zeros', 'config': {}}",,,,,,,,,"{'class_name': 'VarianceScaling', 'config': {'distribution': 'uniform', 'scale': 1.0, 'seed': None, 'mode': 'fan_avg'}}",,,,,1,channels_last,"(1, 1)",,,
block_7_depthwise_BN,BatchNormalization,"(None, 14, 14, 384)","(None, 14, 14, 384)",block_7_depthwise,1536,,,,,,,,,True,,,-1,True,"{'class_name': 'Zeros', 'config': {}}",,"{'class_name': 'Ones', 'config': {}}",,,,0.001,,,0.999,"{'class_name': 'Ones', 'config': {}}",,,,,"{'class_name': 'Zeros', 'config': {}}",,True,,,,,,,
block_7_depthwise_relu,ReLU,"(None, 14, 14, 384)","(None, 14, 14, 384)",block_7_depthwise_BN,0,,,,,,,,,True,,,,,,,,,,,,,,,,,,6.0,,,,,,,,,,,
block_7_project,Conv2D,"(None, 14, 14, 384)","(None, 14, 14, 64)",block_7_depthwise_relu,24576,64,"(1, 1)",linear,same,"(1, 1)",,,,True,,False,,,,,,,,"{'class_name': 'Zeros', 'config': {}}",,,,,,"{'class_name': 'VarianceScaling', 'config': {'distribution': 'uniform', 'scale': 1.0, 'seed': None, 'mode': 'fan_avg'}}",,,,,,,,,channels_last,"(1, 1)",,,
block_7_project_BN,BatchNormalization,"(None, 14, 14, 64)","(None, 14, 14, 64)",block_7_project,256,,,,,,,,,True,,,-1,True,"{'class_name': 'Zeros', 'config': {}}",,"{'class_name': 'Ones', 'config': {}}",,,,0.001,,,0.999,"{'class_name': 'Ones', 'config': {}}",,,,,"{'class_name': 'Zeros', 'config': {}}",,True,,,,,,,
block_7_add,Add,"[(None, 14, 14, 64), (None, 14, 14, 64)]","(None, 14, 14, 64)",block_6_project_BN/block_7_project_BN,0,,,,,,,,,True,,,,,,,,,,,,,,,,,,,,,,,,,,,,,
block_8_expand,Conv2D,"(None, 14, 14, 64)","(None, 14, 14, 384)",block_7_add,24576,384,"(1, 1)",linear,same,"(1, 1)",,,,True,,False,,,,,,,,"{'class_name': 'Zeros', 'config': {}}",,,,,,"{'class_name': 'VarianceScaling', 'config': {'distribution': 'uniform', 'scale': 1.0, 'seed': None, 'mode': 'fan_avg'}}",,,,,,,,,channels_last,"(1, 1)",,,
block_8_expand_BN,BatchNormalization,"(None, 14, 14, 384)","(None, 14, 14, 384)",block_8_expand,1536,,,,,,,,,True,,,-1,True,"{'class_name': 'Zeros', 'config': {}}",,"{'class_name': 'Ones', 'config': {}}",,,,0.001,,,0.999,"{'class_name': 'Ones', 'config': {}}",,,,,"{'class_name': 'Zeros', 'config': {}}",,True,,,,,,,
block_8_expand_relu,ReLU,"(None, 14, 14, 384)","(None, 14, 14, 384)",block_8_expand_BN,0,,,,,,,,,True,,,,,,,,,,,,,,,,,,6.0,,,,,,,,,,,
block_8_depthwise,DepthwiseConv2D,"(None, 14, 14, 384)","(None, 14, 14, 384)",block_8_expand_relu,3456,,"(3, 3)",linear,same,"(1, 1)",,,,True,,False,,,,,,,,"{'class_name': 'Zeros', 'config': {}}",,,,,,,,,"{'class_name': 'VarianceScaling', 'config': {'distribution': 'uniform', 'scale': 1.0, 'seed': None, 'mode': 'fan_avg'}}",,,,,1,channels_last,"(1, 1)",,,
block_8_depthwise_BN,BatchNormalization,"(None, 14, 14, 384)","(None, 14, 14, 384)",block_8_depthwise,1536,,,,,,,,,True,,,-1,True,"{'class_name': 'Zeros', 'config': {}}",,"{'class_name': 'Ones', 'config': {}}",,,,0.001,,,0.999,"{'class_name': 'Ones', 'config': {}}",,,,,"{'class_name': 'Zeros', 'config': {}}",,True,,,,,,,
block_8_depthwise_relu,ReLU,"(None, 14, 14, 384)","(None, 14, 14, 384)",block_8_depthwise_BN,0,,,,,,,,,True,,,,,,,,,,,,,,,,,,6.0,,,,,,,,,,,
block_8_project,Conv2D,"(None, 14, 14, 384)","(None, 14, 14, 64)",block_8_depthwise_relu,24576,64,"(1, 1)",linear,same,"(1, 1)",,,,True,,False,,,,,,,,"{'class_name': 'Zeros', 'config': {}}",,,,,,"{'class_name': 'VarianceScaling', 'config': {'distribution': 'uniform', 'scale': 1.0, 'seed': None, 'mode': 'fan_avg'}}",,,,,,,,,channels_last,"(1, 1)",,,
block_8_project_BN,BatchNormalization,"(None, 14, 14, 64)","(None, 14, 14, 64)",block_8_project,256,,,,,,,,,True,,,-1,True,"{'class_name': 'Zeros', 'config': {}}",,"{'class_name': 'Ones', 'config': {}}",,,,0.001,,,0.999,"{'class_name': 'Ones', 'config': {}}",,,,,"{'class_name': 'Zeros', 'config': {}}",,True,,,,,,,
block_8_add,Add,"[(None, 14, 14, 64), (None, 14, 14, 64)]","(None, 14, 14, 64)",block_7_add/block_8_project_BN,0,,,,,,,,,True,,,,,,,,,,,,,,,,,,,,,,,,,,,,,
block_9_expand,Conv2D,"(None, 14, 14, 64)","(None, 14, 14, 384)",block_8_add,24576,384,"(1, 1)",linear,same,"(1, 1)",,,,True,,False,,,,,,,,"{'class_name': 'Zeros', 'config': {}}",,,,,,"{'class_name': 'VarianceScaling', 'config': {'distribution': 'uniform', 'scale': 1.0, 'seed': None, 'mode': 'fan_avg'}}",,,,,,,,,channels_last,"(1, 1)",,,
block_9_expand_BN,BatchNormalization,"(None, 14, 14, 384)","(None, 14, 14, 384)",block_9_expand,1536,,,,,,,,,True,,,-1,True,"{'class_name': 'Zeros', 'config': {}}",,"{'class_name': 'Ones', 'config': {}}",,,,0.001,,,0.999,"{'class_name': 'Ones', 'config': {}}",,,,,"{'class_name': 'Zeros', 'config': {}}",,True,,,,,,,
block_9_expand_relu,ReLU,"(None, 14, 14, 384)","(None, 14, 14, 384)",block_9_expand_BN,0,,,,,,,,,True,,,,,,,,,,,,,,,,,,6.0,,,,,,,,,,,
block_9_depthwise,DepthwiseConv2D,"(None, 14, 14, 384)","(None, 14, 14, 384)",block_9_expand_relu,3456,,"(3, 3)",linear,same,"(1, 1)",,,,True,,False,,,,,,,,"{'class_name': 'Zeros', 'config': {}}",,,,,,,,,"{'class_name': 'VarianceScaling', 'config': {'distribution': 'uniform', 'scale': 1.0, 'seed': None, 'mode': 'fan_avg'}}",,,,,1,channels_last,"(1, 1)",,,
block_9_depthwise_BN,BatchNormalization,"(None, 14, 14, 384)","(None, 14, 14, 384)",block_9_depthwise,1536,,,,,,,,,True,,,-1,True,"{'class_name': 'Zeros', 'config': {}}",,"{'class_name': 'Ones', 'config': {}}",,,,0.001,,,0.999,"{'class_name': 'Ones', 'config': {}}",,,,,"{'class_name': 'Zeros', 'config': {}}",,True,,,,,,,
block_9_depthwise_relu,ReLU,"(None, 14, 14, 384)","(None, 14, 14, 384)",block_9_depthwise_BN,0,,,,,,,,,True,,,,,,,,,,,,,,,,,,6.0,,,,,,,,,,,
block_9_project,Conv2D,"(None, 14, 14, 384)","(None, 14, 14, 64)",block_9_depthwise_relu,24576,64,"(1, 1)",linear,same,"(1, 1)",,,,True,,False,,,,,,,,"{'class_name': 'Zeros', 'config': {}}",,,,,,"{'class_name': 'VarianceScaling', 'config': {'distribution': 'uniform', 'scale': 1.0, 'seed': None, 'mode': 'fan_avg'}}",,,,,,,,,channels_last,"(1, 1)",,,
block_9_project_BN,BatchNormalization,"(None, 14, 14, 64)","(None, 14, 14, 64)",block_9_project,256,,,,,,,,,True,,,-1,True,"{'class_name': 'Zeros', 'config': {}}",,"{'class_name': 'Ones', 'config': {}}",,,,0.001,,,0.999,"{'class_name': 'Ones', 'config': {}}",,,,,"{'class_name': 'Zeros', 'config': {}}",,True,,,,,,,
block_9_add,Add,"[(None, 14, 14, 64), (None, 14, 14, 64)]","(None, 14, 14, 64)",block_8_add/block_9_project_BN,0,,,,,,,,,True,,,,,,,,,,,,,,,,,,,,,,,,,,,,,
block_10_expand,Conv2D,"(None, 14, 14, 64)","(None, 14, 14, 384)",block_9_add,24576,384,"(1, 1)",linear,same,"(1, 1)",,,,True,,False,,,,,,,,"{'class_name': 'Zeros', 'config': {}}",,,,,,"{'class_name': 'VarianceScaling', 'config': {'distribution': 'uniform', 'scale': 1.0, 'seed': None, 'mode': 'fan_avg'}}",,,,,,,,,channels_last,"(1, 1)",,,
block_10_expand_BN,BatchNormalization,"(None, 14, 14, 384)","(None, 14, 14, 384)",block_10_expand,1536,,,,,,,,,True,,,-1,True,"{'class_name': 'Zeros', 'config': {}}",,"{'class_name': 'Ones', 'config': {}}",,,,0.001,,,0.999,"{'class_name': 'Ones', 'config': {}}",,,,,"{'class_name': 'Zeros', 'config': {}}",,True,,,,,,,
block_10_expand_relu,ReLU,"(None, 14, 14, 384)","(None, 14, 14, 384)",block_10_expand_BN,0,,,,,,,,,True,,,,,,,,,,,,,,,,,,6.0,,,,,,,,,,,
block_10_depthwise,DepthwiseConv2D,"(None, 14, 14, 384)","(None, 14, 14, 384)",block_10_expand_relu,3456,,"(3, 3)",linear,same,"(1, 1)",,,,True,,False,,,,,,,,"{'class_name': 'Zeros', 'config': {}}",,,,,,,,,"{'class_name': 'VarianceScaling', 'config': {'distribution': 'uniform', 'scale': 1.0, 'seed': None, 'mode': 'fan_avg'}}",,,,,1,channels_last,"(1, 1)",,,
block_10_depthwise_BN,BatchNormalization,"(None, 14, 14, 384)","(None, 14, 14, 384)",block_10_depthwise,1536,,,,,,,,,True,,,-1,True,"{'class_name': 'Zeros', 'config': {}}",,"{'class_name': 'Ones', 'config': {}}",,,,0.001,,,0.999,"{'class_name': 'Ones', 'config': {}}",,,,,"{'class_name': 'Zeros', 'config': {}}",,True,,,,,,,
block_10_depthwise_relu,ReLU,"(None, 14, 14, 384)","(None, 14, 14, 384)",block_10_depthwise_BN,0,,,,,,,,,True,,,,,,,,,,,,,,,,,,6.0,,,,,,,,,,,
block_10_project,Conv2D,"(None, 14, 14, 384)","(None, 14, 14, 96)",block_10_depthwise_relu,36864,96,"(1, 1)",linear,same,"(1, 1)",,,,True,,False,,,,,,,,"{'class_name': 'Zeros', 'config': {}}",,,,,,"{'class_name': 'VarianceScaling', 'config': {'distribution': 'uniform', 'scale': 1.0, 'seed': None, 'mode': 'fan_avg'}}",,,,,,,,,channels_last,"(1, 1)",,,
block_10_project_BN,BatchNormalization,"(None, 14, 14, 96)","(None, 14, 14, 96)",block_10_project,384,,,,,,,,,True,,,-1,True,"{'class_name': 'Zeros', 'config': {}}",,"{'class_name': 'Ones', 'config': {}}",,,,0.001,,,0.999,"{'class_name': 'Ones', 'config': {}}",,,,,"{'class_name': 'Zeros', 'config': {}}",,True,,,,,,,
block_11_expand,Conv2D,"(None, 14, 14, 96)","(None, 14, 14, 576)",block_10_project_BN,55296,576,"(1, 1)",linear,same,"(1, 1)",,,,True,,False,,,,,,,,"{'class_name': 'Zeros', 'config': {}}",,,,,,"{'class_name': 'VarianceScaling', 'config': {'distribution': 'uniform', 'scale': 1.0, 'seed': None, 'mode': 'fan_avg'}}",,,,,,,,,channels_last,"(1, 1)",,,
block_11_expand_BN,BatchNormalization,"(None, 14, 14, 576)","(None, 14, 14, 576)",block_11_expand,2304,,,,,,,,,True,,,-1,True,"{'class_name': 'Zeros', 'config': {}}",,"{'class_name': 'Ones', 'config': {}}",,,,0.001,,,0.999,"{'class_name': 'Ones', 'config': {}}",,,,,"{'class_name': 'Zeros', 'config': {}}",,True,,,,,,,
block_11_expand_relu,ReLU,"(None, 14, 14, 576)","(None, 14, 14, 576)",block_11_expand_BN,0,,,,,,,,,True,,,,,,,,,,,,,,,,,,6.0,,,,,,,,,,,
block_11_depthwise,DepthwiseConv2D,"(None, 14, 14, 576)","(None, 14, 14, 576)",block_11_expand_relu,5184,,"(3, 3)",linear,same,"(1, 1)",,,,True,,False,,,,,,,,"{'class_name': 'Zeros', 'config': {}}",,,,,,,,,"{'class_name': 'VarianceScaling', 'config': {'distribution': 'uniform', 'scale': 1.0, 'seed': None, 'mode': 'fan_avg'}}",,,,,1,channels_last,"(1, 1)",,,
block_11_depthwise_BN,BatchNormalization,"(None, 14, 14, 576)","(None, 14, 14, 576)",block_11_depthwise,2304,,,,,,,,,True,,,-1,True,"{'class_name': 'Zeros', 'config': {}}",,"{'class_name': 'Ones', 'config': {}}",,,,0.001,,,0.999,"{'class_name': 'Ones', 'config': {}}",,,,,"{'class_name': 'Zeros', 'config': {}}",,True,,,,,,,
block_11_depthwise_relu,ReLU,"(None, 14, 14, 576)","(None, 14, 14, 576)",block_11_depthwise_BN,0,,,,,,,,,True,,,,,,,,,,,,,,,,,,6.0,,,,,,,,,,,
block_11_project,Conv2D,"(None, 14, 14, 576)","(None, 14, 14, 96)",block_11_depthwise_relu,55296,96,"(1, 1)",linear,same,"(1, 1)",,,,True,,False,,,,,,,,"{'class_name': 'Zeros', 'config': {}}",,,,,,"{'class_name': 'VarianceScaling', 'config': {'distribution': 'uniform', 'scale': 1.0, 'seed': None, 'mode': 'fan_avg'}}",,,,,,,,,channels_last,"(1, 1)",,,
block_11_project_BN,BatchNormalization,"(None, 14, 14, 96)","(None, 14, 14, 96)",block_11_project,384,,,,,,,,,True,,,-1,True,"{'class_name': 'Zeros', 'config': {}}",,"{'class_name': 'Ones', 'config': {}}",,,,0.001,,,0.999,"{'class_name': 'Ones', 'config': {}}",,,,,"{'class_name': 'Zeros', 'config': {}}",,True,,,,,,,
block_11_add,Add,"[(None, 14, 14, 96), (None, 14, 14, 96)]","(None, 14, 14, 96)",block_10_project_BN/block_11_project_BN,0,,,,,,,,,True,,,,,,,,,,,,,,,,,,,,,,,,,,,,,
block_12_expand,Conv2D,"(None, 14, 14, 96)","(None, 14, 14, 576)",block_11_add,55296,576,"(1, 1)",linear,same,"(1, 1)",,,,True,,False,,,,,,,,"{'class_name': 'Zeros', 'config': {}}",,,,,,"{'class_name': 'VarianceScaling', 'config': {'distribution': 'uniform', 'scale': 1.0, 'seed': None, 'mode': 'fan_avg'}}",,,,,,,,,channels_last,"(1, 1)",,,
block_12_expand_BN,BatchNormalization,"(None, 14, 14, 576)","(None, 14, 14, 576)",block_12_expand,2304,,,,,,,,,True,,,-1,True,"{'class_name': 'Zeros', 'config': {}}",,"{'class_name': 'Ones', 'config': {}}",,,,0.001,,,0.999,"{'class_name': 'Ones', 'config': {}}",,,,,"{'class_name': 'Zeros', 'config': {}}",,True,,,,,,,
block_12_expand_relu,ReLU,"(None, 14, 14, 576)","(None, 14, 14, 576)",block_12_expand_BN,0,,,,,,,,,True,,,,,,,,,,,,,,,,,,6.0,,,,,,,,,,,
block_12_depthwise,DepthwiseConv2D,"(None, 14, 14, 576)","(None, 14, 14, 576)",block_12_expand_relu,5184,,"(3, 3)",linear,same,"(1, 1)",,,,True,,False,,,,,,,,"{'class_name': 'Zeros', 'config': {}}",,,,,,,,,"{'class_name': 'VarianceScaling', 'config': {'distribution': 'uniform', 'scale': 1.0, 'seed': None, 'mode': 'fan_avg'}}",,,,,1,channels_last,"(1, 1)",,,
block_12_depthwise_BN,BatchNormalization,"(None, 14, 14, 576)","(None, 14, 14, 576)",block_12_depthwise,2304,,,,,,,,,True,,,-1,True,"{'class_name': 'Zeros', 'config': {}}",,"{'class_name': 'Ones', 'config': {}}",,,,0.001,,,0.999,"{'class_name': 'Ones', 'config': {}}",,,,,"{'class_name': 'Zeros', 'config': {}}",,True,,,,,,,
block_12_depthwise_relu,ReLU,"(None, 14, 14, 576)","(None, 14, 14, 576)",block_12_depthwise_BN,0,,,,,,,,,True,,,,,,,,,,,,,,,,,,6.0,,,,,,,,,,,
block_12_project,Conv2D,"(None, 14, 14, 576)","(None, 14, 14, 96)",block_12_depthwise_relu,55296,96,"(1, 1)",linear,same,"(1, 1)",,,,True,,False,,,,,,,,"{'class_name': 'Zeros', 'config': {}}",,,,,,"{'class_name': 'VarianceScaling', 'config': {'distribution': 'uniform', 'scale': 1.0, 'seed': None, 'mode': 'fan_avg'}}",,,,,,,,,channels_last,"(1, 1)",,,
block_12_project_BN,BatchNormalization,"(None, 14, 14, 96)","(None, 14, 14, 96)",block_12_project,384,,,,,,,,,True,,,-1,True,"{'class_name': 'Zeros', 'config': {}}",,"{'class_name': 'Ones', 'config': {}}",,,,0.001,,,0.999,"{'class_name': 'Ones', 'config': {}}",,,,,"{'class_name': 'Zeros', 'config': {}}",,True,,,,,,,
block_12_add,Add,"[(None, 14, 14, 96), (None, 14, 14, 96)]","(None, 14, 14, 96)",block_11_add/block_12_project_BN,0,,,,,,,,,True,,,,,,,,,,,,,,,,,,,,,,,,,,,,,
block_13_expand,Conv2D,"(None, 14, 14, 96)","(None, 14, 14, 576)",block_12_add,55296,576,"(1, 1)",linear,same,"(1, 1)",,,,True,,False,,,,,,,,"{'class_name': 'Zeros', 'config': {}}",,,,,,"{'class_name': 'VarianceScaling', 'config': {'distribution': 'uniform', 'scale': 1.0, 'seed': None, 'mode': 'fan_avg'}}",,,,,,,,,channels_last,"(1, 1)",,,
block_13_expand_BN,BatchNormalization,"(None, 14, 14, 576)","(None, 14, 14, 576)",block_13_expand,2304,,,,,,,,,True,,,-1,True,"{'class_name': 'Zeros', 'config': {}}",,"{'class_name': 'Ones', 'config': {}}",,,,0.001,,,0.999,"{'class_name': 'Ones', 'config': {}}",,,,,"{'class_name': 'Zeros', 'config': {}}",,True,,,,,,,
block_13_expand_relu,ReLU,"(None, 14, 14, 576)","(None, 14, 14, 576)",block_13_expand_BN,0,,,,,,,,,True,,,,,,,,,,,,,,,,,,6.0,,,,,,,,,,,
block_13_depthwise,DepthwiseConv2D,"(None, 14, 14, 576)","(None, 7, 7, 576)",block_13_expand_relu,5184,,"(3, 3)",linear,same,"(2, 2)",,,,True,,False,,,,,,,,"{'class_name': 'Zeros', 'config': {}}",,,,,,,,,"{'class_name': 'VarianceScaling', 'config': {'distribution': 'uniform', 'scale': 1.0, 'seed': None, 'mode': 'fan_avg'}}",,,,,1,channels_last,"(1, 1)",,,
block_13_depthwise_BN,BatchNormalization,"(None, 7, 7, 576)","(None, 7, 7, 576)",block_13_depthwise,2304,,,,,,,,,True,,,-1,True,"{'class_name': 'Zeros', 'config': {}}",,"{'class_name': 'Ones', 'config': {}}",,,,0.001,,,0.999,"{'class_name': 'Ones', 'config': {}}",,,,,"{'class_name': 'Zeros', 'config': {}}",,True,,,,,,,
block_13_depthwise_relu,ReLU,"(None, 7, 7, 576)","(None, 7, 7, 576)",block_13_depthwise_BN,0,,,,,,,,,True,,,,,,,,,,,,,,,,,,6.0,,,,,,,,,,,
block_13_project,Conv2D,"(None, 7, 7, 576)","(None, 7, 7, 160)",block_13_depthwise_relu,92160,160,"(1, 1)",linear,same,"(1, 1)",,,,True,,False,,,,,,,,"{'class_name': 'Zeros', 'config': {}}",,,,,,"{'class_name': 'VarianceScaling', 'config': {'distribution': 'uniform', 'scale': 1.0, 'seed': None, 'mode': 'fan_avg'}}",,,,,,,,,channels_last,"(1, 1)",,,
block_13_project_BN,BatchNormalization,"(None, 7, 7, 160)","(None, 7, 7, 160)",block_13_project,640,,,,,,,,,True,,,-1,True,"{'class_name': 'Zeros', 'config': {}}",,"{'class_name': 'Ones', 'config': {}}",,,,0.001,,,0.999,"{'class_name': 'Ones', 'config': {}}",,,,,"{'class_name': 'Zeros', 'config': {}}",,True,,,,,,,
block_14_expand,Conv2D,"(None, 7, 7, 160)","(None, 7, 7, 960)",block_13_project_BN,153600,960,"(1, 1)",linear,same,"(1, 1)",,,,True,,False,,,,,,,,"{'class_name': 'Zeros', 'config': {}}",,,,,,"{'class_name': 'VarianceScaling', 'config': {'distribution': 'uniform', 'scale': 1.0, 'seed': None, 'mode': 'fan_avg'}}",,,,,,,,,channels_last,"(1, 1)",,,
block_14_expand_BN,BatchNormalization,"(None, 7, 7, 960)","(None, 7, 7, 960)",block_14_expand,3840,,,,,,,,,True,,,-1,True,"{'class_name': 'Zeros', 'config': {}}",,"{'class_name': 'Ones', 'config': {}}",,,,0.001,,,0.999,"{'class_name': 'Ones', 'config': {}}",,,,,"{'class_name': 'Zeros', 'config': {}}",,True,,,,,,,
block_14_expand_relu,ReLU,"(None, 7, 7, 960)","(None, 7, 7, 960)",block_14_expand_BN,0,,,,,,,,,True,,,,,,,,,,,,,,,,,,6.0,,,,,,,,,,,
block_14_depthwise,DepthwiseConv2D,"(None, 7, 7, 960)","(None, 7, 7, 960)",block_14_expand_relu,8640,,"(3, 3)",linear,same,"(1, 1)",,,,True,,False,,,,,,,,"{'class_name': 'Zeros', 'config': {}}",,,,,,,,,"{'class_name': 'VarianceScaling', 'config': {'distribution': 'uniform', 'scale': 1.0, 'seed': None, 'mode': 'fan_avg'}}",,,,,1,channels_last,"(1, 1)",,,
block_14_depthwise_BN,BatchNormalization,"(None, 7, 7, 960)","(None, 7, 7, 960)",block_14_depthwise,3840,,,,,,,,,True,,,-1,True,"{'class_name': 'Zeros', 'config': {}}",,"{'class_name': 'Ones', 'config': {}}",,,,0.001,,,0.999,"{'class_name': 'Ones', 'config': {}}",,,,,"{'class_name': 'Zeros', 'config': {}}",,True,,,,,,,
block_14_depthwise_relu,ReLU,"(None, 7, 7, 960)","(None, 7, 7, 960)",block_14_depthwise_BN,0,,,,,,,,,True,,,,,,,,,,,,,,,,,,6.0,,,,,,,,,,,
block_14_project,Conv2D,"(None, 7, 7, 960)","(None, 7, 7, 160)",block_14_depthwise_relu,153600,160,"(1, 1)",linear,same,"(1, 1)",,,,True,,False,,,,,,,,"{'class_name': 'Zeros', 'config': {}}",,,,,,"{'class_name': 'VarianceScaling', 'config': {'distribution': 'uniform', 'scale': 1.0, 'seed': None, 'mode': 'fan_avg'}}",,,,,,,,,channels_last,"(1, 1)",,,
block_14_project_BN,BatchNormalization,"(None, 7, 7, 160)","(None, 7, 7, 160)",block_14_project,640,,,,,,,,,True,,,-1,True,"{'class_name': 'Zeros', 'config': {}}",,"{'class_name': 'Ones', 'config': {}}",,,,0.001,,,0.999,"{'class_name': 'Ones', 'config': {}}",,,,,"{'class_name': 'Zeros', 'config': {}}",,True,,,,,,,
block_14_add,Add,"[(None, 7, 7, 160), (None, 7, 7, 160)]","(None, 7, 7, 160)",block_13_project_BN/block_14_project_BN,0,,,,,,,,,True,,,,,,,,,,,,,,,,,,,,,,,,,,,,,
block_15_expand,Conv2D,"(None, 7, 7, 160)","(None, 7, 7, 960)",block_14_add,153600,960,"(1, 1)",linear,same,"(1, 1)",,,,True,,False,,,,,,,,"{'class_name': 'Zeros', 'config': {}}",,,,,,"{'class_name': 'VarianceScaling', 'config': {'distribution': 'uniform', 'scale': 1.0, 'seed': None, 'mode': 'fan_avg'}}",,,,,,,,,channels_last,"(1, 1)",,,
block_15_expand_BN,BatchNormalization,"(None, 7, 7, 960)","(None, 7, 7, 960)",block_15_expand,3840,,,,,,,,,True,,,-1,True,"{'class_name': 'Zeros', 'config': {}}",,"{'class_name': 'Ones', 'config': {}}",,,,0.001,,,0.999,"{'class_name': 'Ones', 'config': {}}",,,,,"{'class_name': 'Zeros', 'config': {}}",,True,,,,,,,
block_15_expand_relu,ReLU,"(None, 7, 7, 960)","(None, 7, 7, 960)",block_15_expand_BN,0,,,,,,,,,True,,,,,,,,,,,,,,,,,,6.0,,,,,,,,,,,
block_15_depthwise,DepthwiseConv2D,"(None, 7, 7, 960)","(None, 7, 7, 960)",block_15_expand_relu,8640,,"(3, 3)",linear,same,"(1, 1)",,,,True,,False,,,,,,,,"{'class_name': 'Zeros', 'config': {}}",,,,,,,,,"{'class_name': 'VarianceScaling', 'config': {'distribution': 'uniform', 'scale': 1.0, 'seed': None, 'mode': 'fan_avg'}}",,,,,1,channels_last,"(1, 1)",,,
block_15_depthwise_BN,BatchNormalization,"(None, 7, 7, 960)","(None, 7, 7, 960)",block_15_depthwise,3840,,,,,,,,,True,,,-1,True,"{'class_name': 'Zeros', 'config': {}}",,"{'class_name': 'Ones', 'config': {}}",,,,0.001,,,0.999,"{'class_name': 'Ones', 'config': {}}",,,,,"{'class_name': 'Zeros', 'config': {}}",,True,,,,,,,
block_15_depthwise_relu,ReLU,"(None, 7, 7, 960)","(None, 7, 7, 960)",block_15_depthwise_BN,0,,,,,,,,,True,,,,,,,,,,,,,,,,,,6.0,,,,,,,,,,,
block_15_project,Conv2D,"(None, 7, 7, 960)","(None, 7, 7, 160)",block_15_depthwise_relu,153600,160,"(1, 1)",linear,same,"(1, 1)",,,,True,,False,,,,,,,,"{'class_name': 'Zeros', 'config': {}}",,,,,,"{'class_name': 'VarianceScaling', 'config': {'distribution': 'uniform', 'scale': 1.0, 'seed': None, 'mode': 'fan_avg'}}",,,,,,,,,channels_last,"(1, 1)",,,
block_15_project_BN,BatchNormalization,"(None, 7, 7, 160)","(None, 7, 7, 160)",block_15_project,640,,,,,,,,,True,,,-1,True,"{'class_name': 'Zeros', 'config': {}}",,"{'class_name': 'Ones', 'config': {}}",,,,0.001,,,0.999,"{'class_name': 'Ones', 'config': {}}",,,,,"{'class_name': 'Zeros', 'config': {}}",,True,,,,,,,
block_15_add,Add,"[(None, 7, 7, 160), (None, 7, 7, 160)]","(None, 7, 7, 160)",block_14_add/block_15_project_BN,0,,,,,,,,,True,,,,,,,,,,,,,,,,,,,,,,,,,,,,,
block_16_expand,Conv2D,"(None, 7, 7, 160)","(None, 7, 7, 960)",block_15_add,153600,960,"(1, 1)",linear,same,"(1, 1)",,,,True,,False,,,,,,,,"{'class_name': 'Zeros', 'config': {}}",,,,,,"{'class_name': 'VarianceScaling', 'config': {'distribution': 'uniform', 'scale': 1.0, 'seed': None, 'mode': 'fan_avg'}}",,,,,,,,,channels_last,"(1, 1)",,,
block_16_expand_BN,BatchNormalization,"(None, 7, 7, 960)","(None, 7, 7, 960)",block_16_expand,3840,,,,,,,,,True,,,-1,True,"{'class_name': 'Zeros', 'config': {}}",,"{'class_name': 'Ones', 'config': {}}",,,,0.001,,,0.999,"{'class_name': 'Ones', 'config': {}}",,,,,"{'class_name': 'Zeros', 'config': {}}",,True,,,,,,,
block_16_expand_relu,ReLU,"(None, 7, 7, 960)","(None, 7, 7, 960)",block_16_expand_BN,0,,,,,,,,,True,,,,,,,,,,,,,,,,,,6.0,,,,,,,,,,,
block_16_depthwise,DepthwiseConv2D,"(None, 7, 7, 960)","(None, 7, 7, 960)",block_16_expand_relu,8640,,"(3, 3)",linear,same,"(1, 1)",,,,True,,False,,,,,,,,"{'class_name': 'Zeros', 'config': {}}",,,,,,,,,"{'class_name': 'VarianceScaling', 'config': {'distribution': 'uniform', 'scale': 1.0, 'seed': None, 'mode': 'fan_avg'}}",,,,,1,channels_last,"(1, 1)",,,
block_16_depthwise_BN,BatchNormalization,"(None, 7, 7, 960)","(None, 7, 7, 960)",block_16_depthwise,3840,,,,,,,,,True,,,-1,True,"{'class_name': 'Zeros', 'config': {}}",,"{'class_name': 'Ones', 'config': {}}",,,,0.001,,,0.999,"{'class_name': 'Ones', 'config': {}}",,,,,"{'class_name': 'Zeros', 'config': {}}",,True,,,,,,,
block_16_depthwise_relu,ReLU,"(None, 7, 7, 960)","(None, 7, 7, 960)",block_16_depthwise_BN,0,,,,,,,,,True,,,,,,,,,,,,,,,,,,6.0,,,,,,,,,,,
block_16_project,Conv2D,"(None, 7, 7, 960)","(None, 7, 7, 320)",block_16_depthwise_relu,307200,320,"(1, 1)",linear,same,"(1, 1)",,,,True,,False,,,,,,,,"{'class_name': 'Zeros', 'config': {}}",,,,,,"{'class_name': 'VarianceScaling', 'config': {'distribution': 'uniform', 'scale': 1.0, 'seed': None, 'mode': 'fan_avg'}}",,,,,,,,,channels_last,"(1, 1)",,,
block_16_project_BN,BatchNormalization,"(None, 7, 7, 320)","(None, 7, 7, 320)",block_16_project,1280,,,,,,,,,True,,,-1,True,"{'class_name': 'Zeros', 'config': {}}",,"{'class_name': 'Ones', 'config': {}}",,,,0.001,,,0.999,"{'class_name': 'Ones', 'config': {}}",,,,,"{'class_name': 'Zeros', 'config': {}}",,True,,,,,,,
Conv_1,Conv2D,"(None, 7, 7, 320)","(None, 7, 7, 1280)",block_16_project_BN,409600,1280,"(1, 1)",linear,valid,"(1, 1)",,,,True,,False,,,,,,,,"{'class_name': 'Zeros', 'config': {}}",,,,,,"{'class_name': 'VarianceScaling', 'config': {'distribution': 'uniform', 'scale': 1.0, 'seed': None, 'mode': 'fan_avg'}}",,,,,,,,,channels_last,"(1, 1)",,,
Conv_1_bn,BatchNormalization,"(None, 7, 7, 1280)","(None, 7, 7, 1280)",Conv_1,5120,,,,,,,,,True,,,-1,True,"{'class_name': 'Zeros', 'config': {}}",,"{'class_name': 'Ones', 'config': {}}",,,,0.001,,,0.999,"{'class_name': 'Ones', 'config': {}}",,,,,"{'class_name': 'Zeros', 'config': {}}",,True,,,,,,,
out_relu,ReLU,"(None, 7, 7, 1280)","(None, 7, 7, 1280)",Conv_1_bn,0,,,,,,,,,True,,,,,,,,,,,,,,,,,,6.0,,,,,,,,,,,
global_average_pooling2d_1,GlobalAveragePooling2D,"(None, 7, 7, 1280)","(None, 1280)",out_relu,0,,,,,,,,,True,,,,,,,,,,,,,,,,,,,,,,,,,channels_last,,,,
Logits,Dense,"(None, 1280)","(None, 1000)",global_average_pooling2d_1,1281000,,,softmax,,,,1000,,True,,True,,,,,,,,"{'class_name': 'Zeros', 'config': {}}",,,,,,"{'class_name': 'VarianceScaling', 'config': {'distribution': 'uniform', 'scale': 1.0, 'seed': None, 'mode': 'fan_avg'}}",,,,,,,,,,,,,
